<annotation>
	<folder>rust</folder>
	<filename>10.jpeg</filename>
	<path>/Users/oak/Documents/GitHub/option/Tensorflow/workspace/images/collectedimages/rust/10.jpeg</path>
	<source>
		<database>Unknown</database>
	</source>
	<size>
		<width>1500</width>
		<height>1500</height>
		<depth>3</depth>
	</size>
	<segmented>0</segmented>
	<object>
		<name>rust</name>
		<pose>Unspecified</pose>
		<truncated>1</truncated>
		<difficult>0</difficult>
		<bndbox>
			<xmin>3</xmin>
			<ymin>2</ymin>
			<xmax>1500</xmax>
			<ymax>1500</ymax>
		</bndbox>
	</object>
</annotation>
