<annotation>
	<folder>rust</folder>
	<filename>11.jpeg</filename>
	<path>/Users/oak/Documents/GitHub/option/Tensorflow/workspace/images/collectedimages/rust/11.jpeg</path>
	<source>
		<database>Unknown</database>
	</source>
	<size>
		<width>1300</width>
		<height>1068</height>
		<depth>3</depth>
	</size>
	<segmented>0</segmented>
	<object>
		<name>rust</name>
		<pose>Unspecified</pose>
		<truncated>0</truncated>
		<difficult>0</difficult>
		<bndbox>
			<xmin>228</xmin>
			<ymin>61</ymin>
			<xmax>438</xmax>
			<ymax>285</ymax>
		</bndbox>
	</object>
</annotation>
