<annotation>
	<folder>norust</folder>
	<filename>13.jpeg</filename>
	<path>/Users/oak/Documents/GitHub/option/Tensorflow/workspace/images/collectedimages/norust/13.jpeg</path>
	<source>
		<database>Unknown</database>
	</source>
	<size>
		<width>1444</width>
		<height>1468</height>
		<depth>3</depth>
	</size>
	<segmented>0</segmented>
	<object>
		<name>norust</name>
		<pose>Unspecified</pose>
		<truncated>0</truncated>
		<difficult>0</difficult>
		<bndbox>
			<xmin>13</xmin>
			<ymin>4</ymin>
			<xmax>1433</xmax>
			<ymax>1453</ymax>
		</bndbox>
	</object>
</annotation>
