<annotation>
	<folder>norust</folder>
	<filename>14.jpeg</filename>
	<path>/Users/oak/Documents/GitHub/option/Tensorflow/workspace/images/collectedimages/norust/14.jpeg</path>
	<source>
		<database>Unknown</database>
	</source>
	<size>
		<width>1500</width>
		<height>1125</height>
		<depth>3</depth>
	</size>
	<segmented>0</segmented>
	<object>
		<name>norust</name>
		<pose>Unspecified</pose>
		<truncated>0</truncated>
		<difficult>0</difficult>
		<bndbox>
			<xmin>175</xmin>
			<ymin>195</ymin>
			<xmax>1265</xmax>
			<ymax>935</ymax>
		</bndbox>
	</object>
</annotation>
