<annotation>
	<folder>rust</folder>
	<filename>2.jpeg</filename>
	<path>/Users/oak/Documents/GitHub/option/Tensorflow/workspace/images/collectedimages/rust/2.jpeg</path>
	<source>
		<database>Unknown</database>
	</source>
	<size>
		<width>456</width>
		<height>280</height>
		<depth>3</depth>
	</size>
	<segmented>0</segmented>
	<object>
		<name>rust</name>
		<pose>Unspecified</pose>
		<truncated>1</truncated>
		<difficult>0</difficult>
		<bndbox>
			<xmin>1</xmin>
			<ymin>1</ymin>
			<xmax>456</xmax>
			<ymax>259</ymax>
		</bndbox>
	</object>
</annotation>
